{
  "files": [
    {
      "filepath": "C:/Users/Q/src/audiom/geospace/benchmarks/core.bench.ts",
      "groups": [
        {
          "fullName": "benchmarks/core.bench.ts > geometry operations",
          "benchmarks": [
            {
              "id": "-462543565_0_0",
              "name": "point-to-polygon distance, 256 vertices",
              "rank": 1,
              "rme": 0.31100797740417696,
              "samples": [],
              "totalTime": 500.00139999999874,
              "min": 0.0014999999999645297,
              "max": 0.44440000000008695,
              "hz": 579384.3777237438,
              "period": 0.0017259699060729764,
              "mean": 0.0017259699060729764,
              "variance": 0.0000021728780587858477,
              "sd": 0.0014740685393786301,
              "sem": 0.0000027387265793277227,
              "df": 289692,
              "critical": 1.96,
              "moe": 0.000005367904095482336,
              "p75": 0.0017000000000280124,
              "p99": 0.003100000000017644,
              "p995": 0.003399999999942338,
              "p999": 0.013500000000021828,
              "sampleCount": 289693,
              "median": 0.0016000000000531145
            },
            {
              "id": "-462543565_0_1",
              "name": "polygon-to-polygon distance, 128 x 128 vertices",
              "rank": 3,
              "rme": 2.311000844554765,
              "samples": [],
              "totalTime": 500.4065000000003,
              "min": 0.8338000000001102,
              "max": 2.391499999999951,
              "hz": 943.2331514478723,
              "period": 1.060183262711865,
              "mean": 1.060183262711865,
              "variance": 0.07375508224580556,
              "sd": 0.27157886929178704,
              "sem": 0.012500430691377278,
              "df": 471,
              "critical": 1.96,
              "moe": 0.024500844155099465,
              "p75": 1.1439000000000306,
              "p99": 1.9578999999998814,
              "p995": 1.9873999999999796,
              "p999": 2.391499999999951,
              "sampleCount": 472,
              "median": 0.9369499999999107
            },
            {
              "id": "-462543565_0_2",
              "name": "affine transform, 256-vertex polygon",
              "rank": 2,
              "rme": 1.4219484009360943,
              "samples": [],
              "totalTime": 500.0005000000135,
              "min": 0.002300000000104774,
              "max": 0.6415000000001783,
              "hz": 218573.78142621266,
              "period": 0.004575114148983992,
              "mean": 0.004575114148983992,
              "variance": 0.00012040039298674914,
              "sd": 0.010972711286949509,
              "sem": 0.000033191715552285137,
              "df": 109286,
              "critical": 1.96,
              "moe": 0.00006505576248247887,
              "p75": 0.004500000000007276,
              "p99": 0.01110000000016953,
              "p995": 0.020199999999931606,
              "p999": 0.19970000000012078,
              "sampleCount": 109287,
              "median": 0.0037000000002080924
            }
          ]
        },
        {
          "fullName": "benchmarks/core.bench.ts > raycasting",
          "benchmarks": [
            {
              "id": "-462543565_1_0",
              "name": "raycastAll, 256 line segments",
              "rank": 1,
              "rme": 1.4749939468067998,
              "samples": [],
              "totalTime": 500.00229999996554,
              "min": 0.003499999999803549,
              "max": 0.7228999999997541,
              "hz": 142309.3453770211,
              "period": 0.007026945400884907,
              "mean": 0.007026945400884907,
              "variance": 0.00019897884908201267,
              "sd": 0.014105986285333353,
              "sem": 0.00005288113230024041,
              "df": 71154,
              "critical": 1.96,
              "moe": 0.0001036470193084712,
              "p75": 0.007000000000061846,
              "p99": 0.021999999999934516,
              "p995": 0.03150000000005093,
              "p999": 0.27549999999973807,
              "sampleCount": 71155,
              "median": 0.005700000000160799
            }
          ]
        },
        {
          "fullName": "benchmarks/core.bench.ts > R-tree",
          "benchmarks": [
            {
              "id": "-462543565_2_0",
              "name": "bulk load, 10,000 points",
              "rank": 3,
              "rme": 5.666847588530664,
              "samples": [],
              "totalTime": 501.8339999999971,
              "min": 2.0282999999999447,
              "max": 10.409900000000107,
              "hz": 284.9547858455203,
              "period": 3.509328671328651,
              "mean": 3.509328671328651,
              "variance": 1.4721601195242928,
              "sd": 1.213326056558703,
              "sem": 0.10146342203306269,
              "df": 142,
              "critical": 1.96,
              "moe": 0.19886830718480286,
              "p75": 3.967399999999998,
              "p99": 9.315700000000106,
              "p995": 10.409900000000107,
              "p999": 10.409900000000107,
              "sampleCount": 143,
              "median": 3.1510000000002947
            },
            {
              "id": "-462543565_2_1",
              "name": "search, 10,000-point tree with 441 matches",
              "rank": 2,
              "rme": 0.8940211499395855,
              "samples": [],
              "totalTime": 500.0026999999877,
              "min": 0.00559999999950378,
              "max": 0.7262000000000626,
              "hz": 93231.4965499209,
              "period": 0.010725988930838934,
              "mean": 0.010725988930838934,
              "variance": 0.0001115817420231295,
              "sd": 0.01056322592881216,
              "sem": 0.00004892480080708107,
              "df": 46615,
              "critical": 1.96,
              "moe": 0.0000958926095818789,
              "p75": 0.012200000000120781,
              "p99": 0.030700000000251748,
              "p995": 0.03679999999985739,
              "p999": 0.055899999999383,
              "sampleCount": 46616,
              "median": 0.010800000000017462
            },
            {
              "id": "-462543565_2_2",
              "name": "nearest 10, 10,000-point tree",
              "rank": 1,
              "rme": 0.8777015813372165,
              "samples": [],
              "totalTime": 500.00319999989733,
              "min": 0.002899999999499414,
              "max": 0.4867000000003827,
              "hz": 203566.69717317988,
              "period": 0.0049123948754214546,
              "mean": 0.0049123948754214546,
              "variance": 0.00004925469933710868,
              "sd": 0.007018169229728554,
              "sem": 0.00002199804464444005,
              "df": 101783,
              "critical": 1.96,
              "moe": 0.0000431161675031025,
              "p75": 0.0052999999998064595,
              "p99": 0.012499999999818101,
              "p995": 0.0227999999997337,
              "p999": 0.12990000000081636,
              "sampleCount": 101784,
              "median": 0.004899999999906868
            }
          ]
        },
        {
          "fullName": "benchmarks/core.bench.ts > GeoJSON",
          "benchmarks": [
            {
              "id": "-462543565_3_0",
              "name": "encode circle as 128-segment polygon",
              "rank": 1,
              "rme": 0.9117181554261888,
              "samples": [],
              "totalTime": 500.00340000005417,
              "min": 0.002699999999094871,
              "max": 0.467000000000553,
              "hz": 204680.60817184224,
              "period": 0.004885660683402099,
              "mean": 0.004885660683402099,
              "variance": 0.00005285734226162401,
              "sd": 0.007270305513637237,
              "sem": 0.00002272625278729395,
              "df": 102340,