{
  "files": [
    {
      "filepath": "C:/Users/Q/src/audiom/geospace/benchmarks/core.bench.ts",
      "groups": [
        {
          "fullName": "benchmarks/core.bench.ts > geometry operations",
          "benchmarks": [
            {
              "id": "-462543565_0_0",
              "name": "point-to-polygon distance, 256 vertices",
              "rank": 1,
              "rme": 0.1183641499529055,
              "samples": [],
              "totalTime": 500.0002999999952,
              "min": 0.0014999999998508429,
              "max": 0.07000000000005002,
              "hz": 601667.6389994223,
              "period": 0.0016620471755187088,
              "mean": 0.0016620471755187088,
              "variance": 3.0306922321174015e-7,
              "sd": 0.0005505172324384951,
              "sem": 0.0000010037081689382626,
              "df": 300833,
              "critical": 1.96,
              "moe": 0.000001967268011118995,
              "p75": 0.0016999999999143256,
              "p99": 0.0027999999999792635,
              "p995": 0.003199999999992542,
              "p999": 0.012000000000057298,
              "sampleCount": 300834,
              "median": 0.0016000000000531145
            },
            {
              "id": "-462543565_0_1",
              "name": "polygon-to-polygon distance, 128 x 128 vertices",
              "rank": 3,
              "rme": 0.7671370430347996,
              "samples": [],
              "totalTime": 501.21199999999885,
              "min": 0.7445999999999913,
              "max": 1.5504000000000815,
              "hz": 1258.948309298264,
              "period": 0.794313787638667,
              "mean": 0.794313787638667,
              "variance": 0.006098841222297763,
              "sd": 0.07809507809265423,
              "sem": 0.0031089159708719326,
              "df": 630,
              "critical": 1.96,
              "moe": 0.006093475302908988,
              "p75": 0.7792999999999211,
              "p99": 1.0846000000001368,
              "p995": 1.2854000000002088,
              "p999": 1.5504000000000815,
              "sampleCount": 631,
              "median": 0.7653999999999996
            },
            {
              "id": "-462543565_0_2",
              "name": "affine transform, 256-vertex polygon",
              "rank": 2,
              "rme": 0.9956823704437585,
              "samples": [],
              "totalTime": 500.0002999999731,
              "min": 0.002199999999902502,
              "max": 0.37299999999959255,
              "hz": 279493.83230371564,
              "period": 0.0035778964843608315,
              "mean": 0.0035778964843608315,
              "variance": 0.00004616656143610318,
              "sd": 0.006794597959857756,
              "sem": 0.00001817575741199379,
              "df": 139746,
              "critical": 1.96,
              "moe": 0.00003562448452750783,
              "p75": 0.003500000000030923,
              "p99": 0.006699999999909778,
              "p995": 0.014599999999973079,
              "p999": 0.15640000000007603,
              "sampleCount": 139747,
              "median": 0.0030999999999039574
            }
          ]
        },
        {
          "fullName": "benchmarks/core.bench.ts > raycasting",
          "benchmarks": [
            {
              "id": "-462543565_1_0",
              "name": "raycastAll, 256 line segments",
              "rank": 1,
              "rme": 1.380511648799216,
              "samples": [],
              "totalTime": 500.01250000000164,
              "min": 0.0033999999996012775,
              "max": 2.4583999999999833,
              "hz": 199209.019774505,
              "period": 0.005019853022377962,
              "mean": 0.005019853022377962,
              "variance": 0.00012452021776446825,
              "sd": 0.011158862745121845,
              "sem": 0.00003535696720741188,
              "df": 99606,
              "critical": 1.96,
              "moe": 0.00006929965572652728,
              "p75": 0.005000000000109139,
              "p99": 0.01110000000016953,
              "p995": 0.019800000000032014,
              "p999": 0.16660000000001673,
              "sampleCount": 99607,
              "median": 0.004200000000309956
            }
          ]
        },
        {
          "fullName": "benchmarks/core.bench.ts > R-tree",
          "benchmarks": [
            {
              "id": "-462543565_2_0",
              "name": "bulk load, 10,000 points",
              "rank": 3,
              "rme": 8.645356304400707,
              "samples": [],
              "totalTime": 502.0969000000032,
              "min": 1.8414000000002488,
              "max": 10.57529999999997,
              "hz": 199.1647429012196,
              "period": 5.020969000000032,
              "mean": 5.020969000000032,
              "variance": 4.785487748221255,
              "sd": 2.1875757697097615,
              "sem": 0.21875757697097614,
              "df": 99,
              "critical": 1.9843,
              "moe": 0.4340806599835079,
              "p75": 6.440299999999752,
              "p99": 10.21979999999985,
              "p995": 10.57529999999997,
              "p999": 10.57529999999997,
              "sampleCount": 100,
              "median": 4.415899999999965
            },
            {
              "id": "-462543565_2_1",
              "name": "search, 10,000-point tree with 441 matches",
              "rank": 2,
              "rme": 1.653267967832183,
              "samples": [],
              "totalTime": 500.0047000000418,
              "min": 0.005400000000008731,
              "max": 2.4023999999999432,
              "hz": 119086.88058331255,
              "period": 0.008397230619374611,
              "mean": 0.008397230619374611,
              "variance": 0.00029873391285844517,
              "sd": 0.017283920644878152,
              "sem": 0.00007083098164036555,
              "df": 59543,
              "critical": 1.96,
              "moe": 0.00013882872401511646,
              "p75": 0.009399999999914144,
              "p99": 0.02510000000029322,
              "p995": 0.03459999999995489,
              "p999": 0.1574000000000524,
              "sampleCount": 59544,
              "median": 0.006499999999959982
            },
            {
              "id": "-462543565_2_2",
              "name": "nearest 10, 10,000-point tree",
              "rank": 1,
              "rme": 0.7549457305530463,
              "samples": [],
              "totalTime": 500.0026000001217,
              "min": 0.002899999999499414,
              "max": 0.411300000000665,
              "hz": 271480.58830087475,
              "period": 0.0036835046154081795,
              "mean": 0.0036835046154081795,
              "variance": 0.00002732453657862612,
              "sd": 0.005227287688527016,
              "sem": 0.000014187990218749213,
              "df": 135740,
              "critical": 1.96,
              "moe": 0.000027808460828748457,
              "p75": 0.0033999999996012775,
              "p99": 0.008299999999508145,
              "p995": 0.01599999999962165,
              "p999": 0.11160000000018044,
              "sampleCount": 135741,
              "median": 0.0030999999999039574
            }
          ]
        },
        {
          "fullName": "benchmarks/core.bench.ts > GeoJSON",
          "benchmarks": [
            {
              "id": "-462543565_3_0",
              "name": "encode circle as 128-segment polygon",
              "rank": 1,
              "rme": 2.0893345117501427,
              "samples": [],
              "totalTime": 500.00220000021636,
              "min": 0.002699999999094871,
              "max": 4.8060999999997875,
              "hz": 261868.84777695645,
              "period": 0.0038187054645451284,
              "mean": 0.0038187054645451284,
              "variance": 0.00021696610434702142,
              "sd": 0.014729769324297697,
              "sem": 0.00004070690365960713,