{
  "files": [
    {
      "filepath": "C:/Users/Q/src/audiom/geospace/benchmarks/core.bench.ts",
      "groups": [
        {
          "fullName": "benchmarks/core.bench.ts > geometry operations",
          "benchmarks": [
            {
              "id": "-462543565_0_0",
              "name": "point-to-polygon distance, 256 vertices",
              "rank": 1,
              "rme": 0.3547293667471493,
              "samples": [],
              "totalTime": 500.0000000000149,
              "min": 0.0014999999999645297,
              "max": 0.6376999999999953,
              "hz": 539861.9999999839,
              "period": 0.0018523252238535585,
              "mean": 0.0018523252238535585,
              "variance": 0.000003033677353659191,
              "sd": 0.001741745490494863,
              "sem": 0.0000033524191513640014,
              "df": 269930,
              "critical": 1.96,
              "moe": 0.000006570741536673442,
              "p75": 0.0017000000000280124,
              "p99": 0.003300000000081127,
              "p995": 0.004299999999943793,
              "p999": 0.015899999999987813,
              "sampleCount": 269931,
              "median": 0.0016000000000531145
            },
            {
              "id": "-462543565_0_1",
              "name": "polygon-to-polygon distance, 128 x 128 vertices",
              "rank": 3,
              "rme": 1.4293193233890835,
              "samples": [],
              "totalTime": 500.553299999998,
              "min": 0.7542999999998301,
              "max": 2.0937999999998738,
              "hz": 1144.7332381986141,
              "period": 0.8735659685863839,
              "mean": 0.8735659685863839,
              "variance": 0.023253719172005752,
              "sd": 0.1524917019775363,
              "sem": 0.006370432240589897,
              "df": 572,
              "critical": 1.96,
              "moe": 0.012486047191556196,
              "p75": 0.876399999999876,
              "p99": 1.3942999999999302,
              "p995": 1.7115000000001146,
              "p999": 2.0937999999998738,
              "sampleCount": 573,
              "median": 0.8078000000000429
            },
            {
              "id": "-462543565_0_2",
              "name": "affine transform, 256-vertex polygon",
              "rank": 2,
              "rme": 1.294144372693407,
              "samples": [],
              "totalTime": 500.0002000000384,
              "min": 0.0022999999996500264,
              "max": 0.5022000000003572,
              "hz": 234943.90602241957,
              "period": 0.004256335126668809,
              "mean": 0.004256335126668809,
              "variance": 0.00009278105511487632,
              "sd": 0.009632292308421516,
              "sem": 0.000028103633430998566,
              "df": 117471,
              "critical": 1.96,
              "moe": 0.00005508312152475719,
              "p75": 0.004100000000107684,
              "p99": 0.009999999999763531,
              "p995": 0.01929999999993015,
              "p999": 0.18580000000019936,
              "sampleCount": 117472,
              "median": 0.0035000000002582965
            }
          ]
        },
        {
          "fullName": "benchmarks/core.bench.ts > raycasting",
          "benchmarks": [
            {
              "id": "-462543565_1_0",
              "name": "raycastAll, 256 line segments",
              "rank": 1,
              "rme": 1.4262676286847729,
              "samples": [],
              "totalTime": 500.00520000002325,
              "min": 0.003499999999803549,
              "max": 0.7282000000000153,
              "hz": 150802.43165470377,
              "period": 0.006631192806557163,
              "mean": 0.006631192806557163,
              "variance": 0.0001755723347769834,
              "sd": 0.013250371118462433,
              "sem": 0.000048254365507958206,
              "df": 75401,
              "critical": 1.96,
              "moe": 0.00009457855639559808,
              "p75": 0.006699999999909778,
              "p99": 0.019800000000032014,
              "p995": 0.029100000000198634,
              "p999": 0.2541000000001077,
              "sampleCount": 75402,
              "median": 0.005400000000008731
            }
          ]
        },
        {
          "fullName": "benchmarks/core.bench.ts > R-tree",
          "benchmarks": [
            {
              "id": "-462543565_2_0",
              "name": "bulk load, 10,000 points",
              "rank": 3,
              "rme": 6.871062794149374,
              "samples": [],
              "totalTime": 500.39629999999624,
              "min": 1.5310999999996966,
              "max": 8.954600000000028,
              "hz": 337.7323133684267,
              "period": 2.960924852070984,
              "mean": 2.960924852070984,
              "variance": 1.8208625649739483,
              "sd": 1.349393406302976,
              "sem": 0.10379949279253661,
              "df": 168,
              "critical": 1.96,
              "moe": 0.20344700587337175,
              "p75": 3.3040000000000873,
              "p99": 8.406500000000051,
              "p995": 8.954600000000028,
              "p999": 8.954600000000028,
              "sampleCount": 169,
              "median": 2.526100000000042
            },
            {
              "id": "-462543565_2_1",
              "name": "search, 10,000-point tree with 441 matches",
              "rank": 2,
              "rme": 1.3922990884642925,
              "samples": [],
              "totalTime": 500.0003999998594,
              "min": 0.005199999999604188,
              "max": 3.156999999999698,
              "hz": 140099.88792012905,
              "period": 0.007137764453959449,
              "mean": 0.007137764453959449,
              "variance": 0.00018008830016005815,
              "sd": 0.013419698214194616,
              "sem": 0.00005070358644347229,
              "df": 70049,
              "critical": 1.96,
              "moe": 0.00009937902942920568,
              "p75": 0.006999999999607098,
              "p99": 0.019099999999980355,
              "p995": 0.02400000000034197,
              "p999": 0.0397000000002663,
              "sampleCount": 70050,
              "median": 0.0059000000001105946
            },
            {
              "id": "-462543565_2_2",
              "name": "nearest 10, 10,000-point tree",
              "rank": 1,
              "rme": 1.023750223860834,
              "samples": [],
              "totalTime": 500.0033999999923,
              "min": 0.0027999999992971425,
              "max": 0.507499999999709,
              "hz": 185398.73928857566,
              "period": 0.0053937799352749985,
              "mean": 0.0053937799352749985,
              "variance": 0.00007357699687710337,
              "sd": 0.008577703473372309,
              "sem": 0.000028172874572417623,
              "df": 92699,
              "critical": 1.96,
              "moe": 0.000055218834161938544,
              "p75": 0.006000000000312866,
              "p99": 0.014900000000125146,
              "p995": 0.02550000000064756,
              "p999": 0.13429999999971187,
              "sampleCount": 92700,
              "median": 0.005000000000109139
            }
          ]
        },
        {
          "fullName": "benchmarks/core.bench.ts > GeoJSON",
          "benchmarks": [
            {
              "id": "-462543565_3_0",
              "name": "encode circle as 128-segment polygon",
              "rank": 1,
              "rme": 1.1148907226026512,
              "samples": [],
              "totalTime": 500.0016000000023,
              "min": 0.002699999999094871,
              "max": 0.7930999999998676,
              "hz": 262127.16119308295,
              "period": 0.0038149423182567473,
              "mean": 0.0038149423182567473,
              "variance": 0.00006171799803883748,
              "sd": 0.00785608032283514,
              "sem": 0.000021700223458615807,