{
  "files": [
    {
      "filepath": "C:/Users/Q/src/audiom/geospace/benchmarks/core.bench.ts",
      "groups": [
        {
          "fullName": "benchmarks/core.bench.ts > geometry operations",
          "benchmarks": [
            {
              "id": "-462543565_0_0",
              "name": "point-to-polygon distance, 256 vertices",
              "rank": 1,
              "rme": 0.2842374801327529,
              "samples": [],
              "totalTime": 500.0011999999699,
              "min": 0.0014999999999645297,
              "max": 0.28379999999992833,
              "hz": 548518.6835551924,
              "period": 0.0018230919565374825,
              "mean": 0.0018230919565374825,
              "variance": 0.0000019170355540596185,
              "sd": 0.0013845705305471508,
              "sem": 0.000002643831958043389,
              "df": 274259,
              "critical": 1.96,
              "moe": 0.0000051819106377650425,
              "p75": 0.0017000000000280124,
              "p99": 0.003500000000030923,
              "p995": 0.004699999999957072,
              "p999": 0.014699999999947977,
              "sampleCount": 274260,
              "median": 0.0016999999999143256
            },
            {
              "id": "-462543565_0_1",
              "name": "polygon-to-polygon distance, 128 x 128 vertices",
              "rank": 3,
              "rme": 1.1620962949887224,
              "samples": [],
              "totalTime": 500.36520000000064,
              "min": 0.8139999999998508,
              "max": 1.651700000000119,
              "hz": 1091.2029853395065,
              "period": 0.9164197802197814,
              "mean": 0.9164197802197814,
              "variance": 0.016119577039217105,
              "sd": 0.12696289630918595,
              "sem": 0.0054335103635091185,
              "df": 545,
              "critical": 1.96,
              "moe": 0.010649680312477872,
              "p75": 0.9113999999999578,
              "p99": 1.5438999999998941,
              "p995": 1.5891999999998916,
              "p999": 1.651700000000119,
              "sampleCount": 546,
              "median": 0.8641000000000076
            },
            {
              "id": "-462543565_0_2",
              "name": "affine transform, 256-vertex polygon",
              "rank": 2,
              "rme": 0.8975638632397637,
              "samples": [],
              "totalTime": 500.00120000002744,
              "min": 0.002199999999902502,
              "max": 0.506900000000087,
              "hz": 317519.2379538115,
              "period": 0.0031494154698918334,
              "mean": 0.0031494154698918334,
              "variance": 0.00003302323223096463,
              "sd": 0.0057465843969235,
              "sem": 0.000014422456714812193,
              "df": 158759,
              "critical": 1.96,
              "moe": 0.000028268015161031896,
              "p75": 0.003000000000156433,
              "p99": 0.005499999999756255,
              "p995": 0.009799999999813735,
              "p999": 0.1289000000001579,
              "sampleCount": 158760,
              "median": 0.0027999999999792635
            }
          ]
        },
        {
          "fullName": "benchmarks/core.bench.ts > raycasting",
          "benchmarks": [
            {
              "id": "-462543565_1_0",
              "name": "raycastAll, 256 line segments",
              "rank": 1,
              "rme": 0.7922809959771038,
              "samples": [],
              "totalTime": 500.00049999995326,
              "min": 0.0032999999998537533,
              "max": 0.40059999999994034,
              "hz": 217075.78292423737,
              "period": 0.004606686137573507,
              "mean": 0.004606686137573507,
              "variance": 0.000037636167923098085,
              "sd": 0.006134832346779991,
              "sem": 0.000018621376945054367,
              "df": 108537,
              "critical": 1.96,
              "moe": 0.00003649789881230656,
              "p75": 0.004500000000007276,
              "p99": 0.009900000000016007,
              "p995": 0.017800000000079308,
              "p999": 0.12269999999989523,
              "sampleCount": 108538,
              "median": 0.0039999999999054126
            }
          ]
        },
        {
          "fullName": "benchmarks/core.bench.ts > R-tree",
          "benchmarks": [
            {
              "id": "-462543565_2_0",
              "name": "bulk load, 10,000 points",
              "rank": 3,
              "rme": 5.7230025465395435,
              "samples": [],
              "totalTime": 504.19909999999936,
              "min": 1.4692999999997483,
              "max": 8.381600000000162,
              "hz": 412.53544482725226,
              "period": 2.4240341346153818,
              "mean": 2.4240341346153818,
              "variance": 1.0420211473799863,
              "sd": 1.0207943707622933,
              "sem": 0.07077935472093168,
              "df": 207,
              "critical": 1.96,
              "moe": 0.13872753525302609,
              "p75": 2.728399999999965,
              "p99": 6.730599999999868,
              "p995": 6.9572000000002845,
              "p999": 8.381600000000162,
              "sampleCount": 208,
              "median": 2.1732999999999265
            },
            {
              "id": "-462543565_2_1",
              "name": "search, 10,000-point tree with 441 matches",
              "rank": 2,
              "rme": 0.46866954023395624,
              "samples": [],
              "totalTime": 500.00699999993503,
              "min": 0.005699999999706051,
              "max": 0.32560000000012224,
              "hz": 136032.09555067998,
              "period": 0.0073512063160670865,
              "mean": 0.0073512063160670865,
              "variance": 0.000021016287984044984,
              "sd": 0.00458435251524629,
              "sem": 0.000017577992266918962,
              "df": 68016,
              "critical": 1.96,
              "moe": 0.000034452864843161165,
              "p75": 0.00680000000011205,
              "p99": 0.016700000000128057,
              "p995": 0.024099999999634747,
              "p999": 0.03470000000015716,
              "sampleCount": 68017,
              "median": 0.006400000000212458
            },
            {
              "id": "-462543565_2_2",
              "name": "nearest 10, 10,000-point tree",
              "rank": 1,
              "rme": 0.9656253050305078,
              "samples": [],
              "totalTime": 500.0000000000673,
              "min": 0.0027999999992971425,
              "max": 0.4536000000007334,
              "hz": 226727.9999999695,
              "period": 0.004410571257189824,
              "mean": 0.004410571257189824,
              "variance": 0.0000535266398331438,
              "sd": 0.00731619025402865,
              "sem": 0.00002172938375297303,
              "df": 113363,
              "critical": 1.96,
              "moe": 0.00004258959215582714,
              "p75": 0.005100000000311411,
              "p99": 0.010599999999612919,
              "p995": 0.020799999999326246,
              "p999": 0.11170000000038272,
              "sampleCount": 113364,
              "median": 0.003200000000106229
            }
          ]
        },
        {
          "fullName": "benchmarks/core.bench.ts > GeoJSON",
          "benchmarks": [
            {
              "id": "-462543565_3_0",
              "name": "encode circle as 128-segment polygon",
              "rank": 1,
              "rme": 0.8874859285957801,
              "samples": [],
              "totalTime": 500.0032999999685,
              "min": 0.002599999999802094,
              "max": 0.4584999999997308,
              "hz": 235274.4471886634,
              "period": 0.004250355327359939,
              "mean": 0.004250355327359939,
              "variance": 0.00004357214277945476,
              "sd": 0.006600919843435062,