{
  "files": [
    {
      "filepath": "C:/Users/Q/src/audiom/geospace/benchmarks/core.bench.ts",
      "groups": [
        {
          "fullName": "benchmarks/core.bench.ts > geometry operations",
          "benchmarks": [
            {
              "id": "-462543565_0_0",
              "name": "point-to-polygon distance, 256 vertices",
              "rank": 1,
              "rme": 0.5014290928760762,
              "samples": [],
              "totalTime": 500.00040000001104,
              "min": 0.0014999999998508429,
              "max": 0.9445999999999231,
              "hz": 596323.5229411685,
              "period": 0.0016769420650519216,
              "mean": 0.0016769420650519216,
              "variance": 0.0000054877627077220275,
              "sd": 0.0023425974275837554,
              "sem": 0.0000042901405024730564,
              "df": 298161,
              "critical": 1.96,
              "moe": 0.00000840867538484719,
              "p75": 0.0016000000000531145,
              "p99": 0.0029999999999290594,
              "p995": 0.003100000000017644,
              "p999": 0.01239999999995689,
              "sampleCount": 298162,
              "median": 0.0016000000000531145
            },
            {
              "id": "-462543565_0_1",
              "name": "polygon-to-polygon distance, 128 x 128 vertices",
              "rank": 3,
              "rme": 0.9998947220880458,
              "samples": [],
              "totalTime": 500.2499999999975,
              "min": 0.7195999999999003,
              "max": 1.6645000000000891,
              "hz": 1271.364317841086,
              "period": 0.7865566037735809,
              "mean": 0.7865566037735809,
              "variance": 0.010240319058683615,
              "sd": 0.10119446160083868,
              "sem": 0.004012621411921948,
              "df": 635,
              "critical": 1.96,
              "moe": 0.007864737967367018,
              "p75": 0.769800000000032,
              "p99": 1.304600000000164,
              "p995": 1.3308999999999287,
              "p999": 1.6645000000000891,
              "sampleCount": 636,
              "median": 0.7479000000000724
            },
            {
              "id": "-462543565_0_2",
              "name": "affine transform, 256-vertex polygon",
              "rank": 2,
              "rme": 1.1894894802336922,
              "samples": [],
              "totalTime": 500.00299999995605,
              "min": 0.002199999999902502,
              "max": 0.45020000000022264,
              "hz": 250556.49666104207,
              "period": 0.003991115829468275,
              "mean": 0.003991115829468275,
              "variance": 0.00007349808275928908,
              "sd": 0.008573102283262989,
              "sem": 0.000024221379048707553,
              "df": 125278,
              "critical": 1.96,
              "moe": 0.000047473902935466804,
              "p75": 0.0038000000001829903,
              "p99": 0.008299999999962893,
              "p995": 0.018299999999726424,
              "p999": 0.18380000000001928,
              "sampleCount": 125279,
              "median": 0.003400000000056025
            }
          ]
        },
        {
          "fullName": "benchmarks/core.bench.ts > raycasting",
          "benchmarks": [
            {
              "id": "-462543565_1_0",
              "name": "raycastAll, 256 line segments",
              "rank": 1,
              "rme": 1.0660337806335236,
              "samples": [],
              "totalTime": 500.0001999999686,
              "min": 0.0033999999996012775,
              "max": 0.8942999999999302,
              "hz": 192471.92301124288,
              "period": 0.00519556299098018,
              "mean": 0.00519556299098018,
              "variance": 0.00007684800254998958,
              "sd": 0.00876629925053837,
              "sem": 0.000028258396213235814,
              "df": 96235,
              "critical": 1.96,
              "moe": 0.000055386456577942196,
              "p75": 0.005199999999604188,
              "p99": 0.012999999999919964,
              "p995": 0.02099999999973079,
              "p999": 0.16449999999986176,
              "sampleCount": 96236,
              "median": 0.004400000000259752
            }
          ]
        },
        {
          "fullName": "benchmarks/core.bench.ts > R-tree",
          "benchmarks": [
            {
              "id": "-462543565_2_0",
              "name": "bulk load, 10,000 points",
              "rank": 3,
              "rme": 4.697856418519126,
              "samples": [],
              "totalTime": 500.6296999999968,
              "min": 1.4809000000000196,
              "max": 6.156100000000151,
              "hz": 421.4692016873976,
              "period": 2.372652606635056,
              "mean": 2.372652606635056,
              "variance": 0.6823985601241722,
              "sd": 0.8260741856057313,
              "sem": 0.05686929222957465,
              "df": 210,
              "critical": 1.96,
              "moe": 0.11146381276996632,
              "p75": 2.8179000000000087,
              "p99": 4.70659999999998,
              "p995": 4.975300000000061,
              "p999": 6.156100000000151,
              "sampleCount": 211,
              "median": 2.0674999999996544
            },
            {
              "id": "-462543565_2_1",
              "name": "search, 10,000-point tree with 441 matches",
              "rank": 2,
              "rme": 0.57426590965936,
              "samples": [],
              "totalTime": 500.0030000000056,
              "min": 0.005500000000211003,
              "max": 0.33140000000003056,
              "hz": 153455.07926952266,
              "period": 0.006516565008862548,
              "mean": 0.006516565008862548,
              "variance": 0.000027970824688486546,
              "sd": 0.005288745095813046,
              "sem": 0.000019093067003412274,
              "df": 76727,
              "critical": 1.96,
              "moe": 0.00003742241132668806,
              "p75": 0.006300000000010186,
              "p99": 0.012299999999413558,
              "p995": 0.01749999999992724,
              "p999": 0.0294000000003507,
              "sampleCount": 76728,
              "median": 0.006199999999807915
            },
            {
              "id": "-462543565_2_2",
              "name": "nearest 10, 10,000-point tree",
              "rank": 1,
              "rme": 0.6808691511528941,
              "samples": [],
              "totalTime": 500.00140000012743,
              "min": 0.0027000000000043656,
              "max": 0.22670000000016444,
              "hz": 305947.1433479206,
              "period": 0.0032685384444423723,
              "mean": 0.0032685384444423723,
              "variance": 0.000019721502107076392,
              "sd": 0.004440889787765104,
              "sem": 0.000011354321409071831,
              "df": 152973,
              "critical": 1.96,
              "moe": 0.00002225446996178079,
              "p75": 0.0030999999999039574,
              "p99": 0.006300000000010186,
              "p995": 0.010600000000522414,
              "p999": 0.10649999999986903,
              "sampleCount": 152974,
              "median": 0.0029999999997016857
            }
          ]
        },
        {
          "fullName": "benchmarks/core.bench.ts > GeoJSON",
          "benchmarks": [
            {
              "id": "-462543565_3_0",
              "name": "encode circle as 128-segment polygon",
              "rank": 1,
              "rme": 1.7148424004302443,
              "samples": [],
              "totalTime": 500.00060000018493,
              "min": 0.002599999999802094,
              "max": 4.042599999999766,
              "hz": 332631.600841956,
              "period": 0.0030063289160404587,
              "mean": 0.0030063289160404587,
              "variance": 0.00011506501625337321,
              "sd": 0.010726836264872006,
              "sem": 0.00002630296068809018,